aula,resolucion,situacion,coleccion,codigo,asignatura,programa,notas_existentes,con_nota,de_systemactiva,editadas_a_mano,acta_cerrada,conflicto_con_oferta
4,OK,NUEVA,BBA Full EN,ENG 101,English Composition I,Bachelor of Science in Business Administration,621,311,621,0,0,
5,OK,NUEVA,BBA Full EN,COM 102,Interpersonal Communication,Bachelor of Science in Business Administration,31,26,30,1,0,
7,OK,NUEVA,BAC Full EN,ENG 101,English Composition I,Bachelor of Arts in Accounting,132,100,132,0,0,
8,OK,NUEVA,BBA Full EN,ECT 103,Ethics and Critical Thinking,Bachelor of Science in Business Administration,363,308,351,3,1,
10,OK,NUEVA,BBA Full EN,STA 104,Statistical Methods,Bachelor of Science in Business Administration,30,25,30,0,0,
11,OK,NUEVA,BBA Full EN,ALG 105,College Algebra I,Bachelor of Science in Business Administration,31,28,30,0,0,
12,OK,NUEVA,,PSY 106,General Psychology,Bachelor of Science in Business Administration,601,548,597,0,1,
13,OK,NUEVA,BBA Full EN,MIC 108,Microeconomics,Bachelor of Science in Business Administration,37,33,36,1,0,
14,OK,NUEVA,BBA Full EN,CIS 109,Computer Science I,Bachelor of Science in Business Administration,30,27,30,0,0,
15,OK,NUEVA,BBA Full EN,ACC 210,Principles of Managerial Accounting,Bachelor of Science in Business Administration,32,24,32,0,0,
16,OK,NUEVA,BBA Full EN,BUS 290,Management of Organizations,Bachelor of Science in Business Administration,20,19,20,0,0,
18,OK,NUEVA,BBA Full EN,CIS 320,Computer Science II,Bachelor of Science in Business Administration,21,19,21,0,0,
19,OK,NUEVA,BBA Full EN,MAC 201,Macroeconomics,Bachelor of Science in Business Administration,20,18,20,0,0,
20,OK,NUEVA,BBA Full EN,HRM 280,Human Resource Management,Bachelor of Science in Business Administration,20,18,20,0,0,
21,OK,NUEVA,BBA Full EN,CBU 200,Calculus for Business,Bachelor of Science in Business Administration,20,15,20,0,0,
22,OK,NUEVA,BBA Full EN,FIN 320,Financial Mathematics,Bachelor of Science in Business Administration,20,16,20,0,0,
23,OK,NUEVA,BBA Full EN,MAR 330,Sales Management,Bachelor of Science in Business Administration,599,527,591,2,0,
24,OK,NUEVA,BBA Full EN,COM 450,Business and Professional Communication,Bachelor of Science in Business Administration,347,266,340,7,0,
25,OK,NUEVA,BBA Full EN,ENG 202,English Composition II,Bachelor of Science in Business Administration,340,257,340,0,0,
26,OK,NUEVA,BAC Full EN,ECT 103,Ethics and Critical Thinking,Bachelor of Arts in Accounting,80,66,79,1,1,
27,OK,NUEVA,BAC Full EN,ALG 105,College Algebra I,Bachelor of Arts in Accounting,3,1,3,0,0,
29,OK,NUEVA,BAC Full EN,ECO 207,Introduction to Economics,Bachelor of Arts in Accounting,3,0,3,0,0,
30,OK,NUEVA,BAC Full EN,CIS 109,Computer Science I,Bachelor of Arts in Accounting,3,0,3,0,0,
31,OK,NUEVA,BAC Full EN,ACC 230,Principles of Accounting I,Bachelor of Arts in Accounting,3,1,3,0,0,
32,OK,NUEVA,BAC Full EN,ARH 203,Latin American Art History,Bachelor of Arts in Accounting,138,107,135,0,0,
33,OK,NUEVA,BAC Full EN,BUS 201,Principles of Management,Bachelor of Arts in Accounting,77,68,77,0,0,
34,OK,NUEVA,BAC Full EN,ENG 202,English Composition II,Bachelor of Arts in Accounting,76,64,76,0,0,
35,OK,NUEVA,BBA Full EN,BUS 350,Public Administration,Bachelor of Science in Business Administration,350,222,344,1,0,
36,OK,NUEVA,BAC Full EN,COM 102,Interpersonal Communication,Bachelor of Arts in Accounting,74,47,74,0,0,
38,OK,NUEVA,BBA Full EN,MAN 370,Supply Chain Management,Bachelor of Science in Business Administration,343,303,333,3,1,
39,OK,NUEVA,BAC Full EN,SOC 204,Principles of Sociology,Bachelor of Arts in Accounting,134,91,131,2,0,
40,OK,NUEVA,BBA Full EN,BUS 250,Introduction to International Business,Bachelor of Science in Business Administration,16,10,16,0,0,
42,OK,NUEVA,BAC Full EN,COB 210,Computers for Business,Bachelor of Arts in Accounting,0,0,0,0,0,
43,OK,NUEVA,BBA Full EN,ACC 300,Accounting for Decision Makers,Bachelor of Science in Business Administration,16,10,16,0,0,
44,OK,NUEVA,BAC Full EN,ACC 350,Intermediate Financial Accounting I,Bachelor of Arts in Accounting,0,0,0,0,0,
45,OK,NUEVA,BAC Full EN,ACC 310,Principles of Accounting II,Bachelor of Arts in Accounting,0,0,0,0,0,
46,OK,NUEVA,BBA Full EN,MIS 470,Management Information System,Bachelor of Science in Business Administration,589,486,589,0,0,
47,OK,NUEVA,BAC Full EN,TAX 300,Taxation,Bachelor of Arts in Accounting,141,91,137,1,0,
48,OK,NUEVA,BBA Full EN,LED 381,Executive Leadership,Bachelor of Science in Business Administration,591,446,589,0,0,
49,OK,NUEVA,BAC Full EN,BUS 205,Business Entrepreneurship,Bachelor of Arts in Accounting,0,0,0,0,0,
50,OK,NUEVA,BBA Full EN,STA 460,Advanced Statistics,Bachelor of Science in Business Administration,348,254,340,0,0,
51,OK,NUEVA,BBA Full EN,FIN 220,Finance,Bachelor of Science in Business Administration,16,12,15,1,1,
52,OK,NUEVA,BBA Full EN,BLA 230,Business Law,Bachelor of Science in Business Administration,16,8,16,0,0,
53,OK,NUEVA,BBA Full EN,ENG 440,Professional Writing in Business,Bachelor of Science in Business Administration,339,217,335,0,0,
55,OK,NUEVA,BAC Full EN,BLA 230,Business Law,Bachelor of Arts in Accounting,0,0,0,0,0,
56,OK,NUEVA,BAC Full EN,FIN 245,Corporate Finance,Bachelor of Arts in Accounting,0,0,0,0,0,
57,OK,NUEVA,BAC Full EN,HRM 280,Human Resource Management,Bachelor of Arts in Accounting,135,90,134,0,0,
58,OK,NUEVA,BAC Full EN,STA 104,Statistical Methods,Bachelor of Arts in Accounting,0,0,0,0,0,
59,OK,NUEVA,BAC Full EN,ACC 385,Internal Auditing,Bachelor of Arts in Accounting,135,106,133,0,0,
60,OK,NUEVA,BAC Full EN,ACC 400,Intermediate Financial Accounting II,Bachelor of Arts in Accounting,0,0,0,0,0,
61,OK,NUEVA,BBA Full EN,PMB 270,Project Management,Bachelor of Science in Business Administration,589,505,474,113,0,
63,OK,NUEVA,BBA Full EN,BUS 410,Strategic Administration,Bachelor of Science in Business Administration,594,486,589,0,0,
64,OK,NUEVA,BAC Full EN,ACC 300,Accounting for Decision Makers,Bachelor of Arts in Accounting,136,117,133,0,0,
65,OK,NUEVA,BAC Full EN,ACC 360,Cost Accounting and Analysis,Bachelor of Arts in Accounting,135,103,134,0,0,
66,OK,NUEVA,BBA Full EN,LED 380,Business Leadership,Bachelor of Science in Business Administration,0,0,0,0,0,
67,OK,NUEVA,BBA Full EN,TAX 300,Taxation,Bachelor of Science in Business Administration,584,409,580,0,0,
68,OK,NUEVA,BBA Full EN,BUS 430,Emerging Technologies,Bachelor of Science in Business Administration,346,274,268,34,0,
69,OK,NUEVA,BBA Full EN,BUS 340,E-Business,Bachelor of Science in Business Administration,585,419,585,0,0,
70,OK,NUEVA,BBA Full EN,BUS 400,Organizational Behavior,Bachelor of Science in Business Administration,12,10,12,0,0,
71,OK,NUEVA,BBA Full EN,FIN 390,Financial Planning,Bachelor of Science in Business Administration,12,7,12,0,0,
72,OK,NUEVA,BBA Full EN,MAR 420,International Marketing,Bachelor of Science in Business Administration,350,330,336,2,4,
73,OK,NUEVA,BBA Full EN,CAP 480,Capstone Project,Bachelor of Science in Business Administration,334,130,334,0,0,
75,OK,NUEVA,BAC Full EN,ACC 450,Accounting Capstone Project,Bachelor of Arts in Accounting,73,24,73,0,0,
76,OK,NUEVA,BAC Full EN,FIN 390,Financial Planning,Bachelor of Arts in Accounting,0,0,0,0,0,
78,OK,NUEVA,BAC Full EN,ACC 270,Accounting Information Systems,Bachelor of Arts in Accounting,0,0,0,0,0,
79,OK,NUEVA,BAC Full EN,ACC 440,Auditing,Bachelor of Arts in Accounting,0,0,0,0,0,
80,OK,NUEVA,BAC Full EN,ACC 370,Financial Accounting for Governmental and Nonprofit Organizations,Bachelor of Arts in Accounting,73,50,73,0,0,
81,OK,NUEVA,BAC Full EN,ACC 430,Accounting Analytics,Bachelor of Arts in Accounting,75,66,56,14,0,
82,OK,NUEVA,BAC Full EN,ACC 420,International Accounting,Bachelor of Arts in Accounting,75,69,71,2,2,
83,OK,NUEVA,BAC Full EN,ACC 380,Advanced Issues in Financial Accounting,Bachelor of Arts in Accounting,0,0,0,0,0,
87,OK,NUEVA,MBA Full EN,MBA 500,Business in the Global Economy,Master of Business Administration,134,120,130,0,2,
88,OK,NUEVA,MBA Full EN,MBA 502,Accounting for Decision-Making and Control,Master of Business Administration,131,103,128,0,1,
89,OK,NUEVA,MBA Full EN,MBA 504,Leadership and Organizational Behavior,Master of Business Administration,134,110,130,1,1,
90,OK,NUEVA,MBA Full EN,MBA 503,Marketing for Executives,Master of Business Administration,132,108,130,0,2,
91,OK,NUEVA,MBA Full EN,MBA 501,Business Law and Ethics,Master of Business Administration,135,114,133,1,0,
92,OK,NUEVA,MBA Full EN,MBA 600,Managerial Economics,Master of Business Administration,132,105,130,0,0,
93,OK,NUEVA,MBA Full EN,MBA 602,Quantitative and Qualitative Methods for Decision-Making,Master of Business Administration,132,112,129,1,2,
94,OK,NUEVA,MBA Full EN,MBA 603,Supply Chain Management,Master of Business Administration,137,113,112,25,12,
95,OK,NUEVA,MBA Full EN,MBA 601,International Business,Master of Business Administration,132,100,131,0,0,
96,OK,NUEVA,MBA Full EN,MBA 604,Information and Technology Management,Master of Business Administration,133,99,120,11,0,
97,OK,NUEVA,MBA Full EN,MBA 605,Financial Decision-Making,Master of Business Administration,133,88,130,2,0,
99,OK,NUEVA,MBA Full EN,MBA 606,Human Resources Management,Master of Business Administration,134,90,133,0,0,
100,OK,NUEVA,MBA Full EN,MBA 607,Advanced Project Management,Master of Business Administration,133,88,132,0,0,
101,OK,NUEVA,MBA Full EN,MBA 608,Entrepreneurial Leadership,Master of Business Administration,132,94,132,0,0,
102,OK,NUEVA,MHMG Full EN,HMG 500,Managing Service Quality in Hospitality and Tourism,Master of Science in Hospitality Management,25,23,25,0,0,
103,OK,NUEVA,MHMG Full EN,HMG 501,Strategic Marketing in Hospitality,Master of Science in Hospitality Management,25,23,25,0,0,
104,OK,NUEVA,MHMG Full EN,HMG 502, Organizational Behavior in the Hospitality Industry,Master of Science in Hospitality Management,26,24,18,8,6,
105,OK,NUEVA,MHMG Full EN,HMG 600,Hospitality and Tourism Information Technology,Master of Science in Hospitality Management,26,19,26,0,0,
106,OK,NUEVA,MHMG Full EN,HMG 504,Law and Ethics in Hospitality and Tourism,Master of Science in Hospitality Management,25,22,25,0,0,
107,OK,NUEVA,MHMG Full EN,HMG 603,Tourism Development,Master of Science in Hospitality Management,25,14,25,0,0,
108,OK,NUEVA,MHMG Full EN,HMG 503,Strategic Human Resources in Hospitality and Tourism,Master of Science in Hospitality Management,25,16,23,2,0,
109,OK,NUEVA,MHMG Full EN,HMG 602,Digital Marketing and Big Data Management for Hospitality and Tourism,Master of Science in Hospitality Management,25,14,25,0,0,
110,OK,NUEVA,MHMG Full EN,HMG 601,Hospitality Entrepreneurship,Master of Science in Hospitality Management,25,23,25,0,0,
111,OK,NUEVA,MHMG Full EN,HMG 604,International Tourism Management,Master of Science in Hospitality Management,25,16,25,0,0,
112,OK,NUEVA,MHMG Full EN,HMG 605,Revenue Management for Hospitality and Tourism,Master of Science in Hospitality Management,24,17,24,0,0,
113,OK,NUEVA,MHCM Full EN,HCM605,Entrepreneurship in Healthcare Management,Master of Science in Healthcare Management,97,67,93,6,0,
114,OK,NUEVA,MHCM Full EN,HCM 604,Health Crisis Management,Master of Science in Healthcare Management,97,77,84,14,7,
115,OK,NUEVA,MHCM Full EN,HCM 602,Legal and Ethical Issues in Healthcare,Master of Science in Healthcare Management,97,83,97,3,0,
116,OK,NUEVA,MHCM Full EN,HCM 603,Hospital Management,Master of Science in Healthcare Management,98,85,97,2,1,
117,OK,NUEVA,MHCM Full EN,HCM 503,Healthcare Quality Assessment and Improvement,Master of Science in Healthcare Management,97,76,97,3,0,
118,OK,NUEVA,MHCM Full EN,HCM 600,Strategic Management of Healthcare Organizations,Master of Science in Healthcare Management,97,84,96,2,0,
119,OK,NUEVA,MHCM Full EN,HCM 504,Quality Improvement Using Health Informatics,Master of Science in Healthcare Management,96,69,96,2,0,
120,OK,NUEVA,MHCM Full EN,HCM 601,Healthcare Management for Executives,Master of Science in Healthcare Management,96,64,96,2,0,
121,OK,NUEVA,MHCM Full EN,HCM 502,Healthcare Policy Analysis,Master of Science in Healthcare Management,96,72,96,3,0,
122,OK,NUEVA,MHCM Full EN,HCM 501,Organization Theory and Behavior in Healthcare,Master of Science in Healthcare Management,97,75,97,3,0,
124,OK,NUEVA,MHCM Full EN,HCM 500,Healthcare Systems,Master of Science in Healthcare Management,97,69,97,2,0,
126,OK,ya importaba,BBA Upgrade ES,PMB 270,Project Management,Bachelor of Science in Business Administration,589,505,474,113,0,
129,OK,ya importaba,BBA Upgrade ES,PSY 106,General Psychology,Bachelor of Science in Business Administration,601,548,597,0,1,
131,OK,ya importaba,BBA Upgrade ES,TAX 300,Taxation,Bachelor of Science in Business Administration,584,409,580,0,0,
132,OK,NUEVA,BBA Upgrade ES,CAP 480,Capstone Project,Bachelor of Science in Business Administration,334,130,334,0,0,
134,OK,ya importaba,BBA Upgrade ES,BUS 350,Public Administration,Bachelor of Science in Business Administration,350,222,344,1,0,
135,OK,ya importaba,BBA Upgrade ES,BUS 430,Emerging Technologies,Bachelor of Science in Business Administration,346,274,268,34,0,
136,OK,ya importaba,BBA Upgrade ES,COM 450,Business and Professional Communication,Bachelor of Science in Business Administration,347,266,340,7,0,
137,OK,ya importaba,BBA Upgrade ES,STA 460,Advanced Statistics,Bachelor of Science in Business Administration,348,254,340,0,0,
138,OK,ya importaba,BBA Upgrade ES,ENG 440,Professional Writing in Business,Bachelor of Science in Business Administration,339,217,335,0,0,
148,OK,NUEVA,BAC Upgrade ES,ACC 450,Accounting Capstone Project,Bachelor of Arts in Accounting,73,24,73,0,0,
151,OK,ya importaba,BAC Upgrade ES,COM 450,Business and Professional Communication,Bachelor of Arts in Accounting,77,63,75,0,0,
152,OK,ya importaba,BAC Upgrade ES,ACC 430,Accounting Analytics,Bachelor of Arts in Accounting,75,66,56,14,0,
153,OK,ya importaba,BAC Upgrade ES,ACC 370,Financial Accounting for Governmental and Nonprofit Organizations,Bachelor of Arts in Accounting,73,50,73,0,0,
154,OK,ya importaba,BAC Upgrade ES,ENG 440,Professional Writing in Business,Bachelor of Arts in Accounting,76,44,76,0,0,
155,OK,ya importaba,BAC Upgrade ES,COM 205,Fundamentals of Oral Communication,Bachelor of Arts in Accounting,3,1,3,0,0,SÍ — la oferta apuntaba a otra asignatura
159,OK,ya importaba,BAC Upgrade ES,MIC 108,Microeconomics,Bachelor of Arts in Accounting,138,124,100,21,0,
172,OK,ya importaba,BBA Full ES,CIS 109,Computer Science I,Bachelor of Science in Business Administration,30,27,30,0,0,
175,OK,ya importaba,BBA Full ES,CBU 200,Calculus for Business,Bachelor of Science in Business Administration,20,15,20,0,0,
176,OK,ya importaba,BBA Full ES,MAC 201,Macroeconomics,Bachelor of Science in Business Administration,20,18,20,0,0,
177,OK,ya importaba,BBA Full ES,CIS 320,Computer Science II,Bachelor of Science in Business Administration,21,19,21,0,0,
179,OK,ya importaba,BBA Full ES,FIN 260,Principles of Financial Accounting,Bachelor of Science in Business Administration,20,16,20,0,0,
180,OK,ya importaba,BBA Full ES,BUS 290,Management of Organizations,Bachelor of Science in Business Administration,20,19,20,0,0,
181,OK,NUEVA,BBA Full ES,BLA 230,Business Law,Bachelor of Science in Business Administration,16,8,16,0,0,
182,OK,ya importaba,BBA Full ES,COM 450,Business and Professional Communication,Bachelor of Science in Business Administration,347,266,340,7,0,
183,OK,ya importaba,BBA Full ES,MAR 330,Sales Management,Bachelor of Science in Business Administration,599,527,591,2,0,
184,OK,ya importaba,BBA Full ES,FIN 320,Financial Mathematics,Bachelor of Science in Business Administration,20,16,20,0,0,
185,OK,ya importaba,BBA Full ES,HRM 280,Human Resource Management,Bachelor of Science in Business Administration,20,18,20,0,0,
186,OK,NUEVA,BBA Full ES,MIS 470,Management Information System,Bachelor of Science in Business Administration,589,486,589,0,0,
188,OK,NUEVA,BBA Full ES,MAN 370,Supply Chain Management,Bachelor of Science in Business Administration,343,303,333,3,1,
189,OK,ya importaba,BBA Full ES,BUS 350,Public Administration,Bachelor of Science in Business Administration,350,222,344,1,0,
190,OK,NUEVA,BBA Full ES,PMB 270,Project Management,Bachelor of Science in Business Administration,589,505,474,113,0,
191,OK,NUEVA,BBA Full ES,BUS 250,Introduction to International Business,Bachelor of Science in Business Administration,16,10,16,0,0,
192,OK,NUEVA,BBA Full ES,ACC 300,Accounting for Decision Makers,Bachelor of Science in Business Administration,16,10,16,0,0,
193,OK,NUEVA,BBA Full ES,BUS 340,E-Business,Bachelor of Science in Business Administration,585,419,585,0,0,
194,OK,ya importaba,BBA Full ES,LED 381,Executive Leadership,Bachelor of Science in Business Administration,591,446,589,0,0,
195,OK,ya importaba,BBA Full ES,FIN 220,Finance,Bachelor of Science in Business Administration,16,12,15,1,1,
196,OK,ya importaba,BBA Full ES,STA 460,Advanced Statistics,Bachelor of Science in Business Administration,348,254,340,0,0,
197,OK,ya importaba,BBA Full ES,ENG 440,Professional Writing in Business,Bachelor of Science in Business Administration,339,217,335,0,0,
198,OK,NUEVA,BBA Full ES,BUS 410,Strategic Administration,Bachelor of Science in Business Administration,594,486,589,0,0,
199,OK,NUEVA,BBA Full ES,LED 380,Business Leadership,Bachelor of Science in Business Administration,0,0,0,0,0,
200,OK,NUEVA,BBA Full ES,TAX 300,Taxation,Bachelor of Science in Business Administration,584,409,580,0,0,
201,OK,NUEVA,BBA Full ES,BUS 430,Emerging Technologies,Bachelor of Science in Business Administration,346,274,268,34,0,
202,OK,NUEVA,BBA Full ES,BUS 400,Organizational Behavior,Bachelor of Science in Business Administration,12,10,12,0,0,
203,OK,NUEVA,BBA Full ES,FIN 390,Financial Planning,Bachelor of Science in Business Administration,12,7,12,0,0,
204,OK,NUEVA,BBA Full ES,MAR 420,International Marketing,Bachelor of Science in Business Administration,350,330,336,2,4,
205,OK,NUEVA,BBA Full ES,CAP 480,Capstone Project,Bachelor of Science in Business Administration,334,130,334,0,0,
206,OK,ya importaba,BAC Full ES,ACC 230,Principles of Accounting I,Bachelor of Arts in Accounting,3,1,3,0,0,
207,OK,ya importaba,BAC Full ES,CIS 109,Computer Science I,Bachelor of Arts in Accounting,3,0,3,0,0,
208,OK,ya importaba,BAC Full ES,ECO 207,Introduction to Economics,Bachelor of Arts in Accounting,3,0,3,0,0,
209,OK,ya importaba,BAC Full ES,PSY 106,General Psychology,Bachelor of Arts in Accounting,143,128,139,0,0,
210,OK,ya importaba,BAC Full ES,ALG 105,College Algebra I,Bachelor of Arts in Accounting,3,1,3,0,0,
211,OK,ya importaba,BAC Full ES,ECT 103,Ethics and Critical Thinking,Bachelor of Arts in Accounting,80,66,79,1,1,
212,OK,NUEVA,BAC Full ES,COM 205,Fundamentals of Oral Communication,Bachelor of Arts in Accounting,3,1,3,0,0,
213,OK,NUEVA,BAC Full ES,ENG 101,English Composition I,Bachelor of Arts in Accounting,132,100,132,0,0,
214,OK,NUEVA,BAC Full ES,BUS 201,Principles of Management,Bachelor of Arts in Accounting,77,68,77,0,0,
216,OK,ya importaba,BAC Full ES,ACC 310,Principles of Accounting II,Bachelor of Arts in Accounting,0,0,0,0,0,
217,OK,NUEVA,BAC Full ES,COB 210,Computers for Business,Bachelor of Arts in Accounting,0,0,0,0,0,
218,OK,NUEVA,BAC Full ES,MIC 108,Microeconomics,Bachelor of Arts in Accounting,138,124,100,21,0,
219,OK,NUEVA,BAC Full ES,SOC 204,Principles of Sociology,Bachelor of Arts in Accounting,134,91,131,2,0,
221,OK,NUEVA,BAC Full ES,ENG 202,English Composition II,Bachelor of Arts in Accounting,76,64,76,0,0,
222,OK,NUEVA,BAC Full ES,BUS 205,Business Entrepreneurship,Bachelor of Arts in Accounting,0,0,0,0,0,
223,OK,NUEVA,BAC Full ES,TAX 300,Taxation,Bachelor of Arts in Accounting,141,91,137,1,0,
224,OK,NUEVA,BAC Full ES,FIN 260,Principles of Financial Accounting,Bachelor of Arts in Accounting,0,0,0,0,0,
225,OK,NUEVA,BAC Full ES,ACC 350,Intermediate Financial Accounting I,Bachelor of Arts in Accounting,0,0,0,0,0,
226,OK,NUEVA,BAC Full ES,ACC 270,Accounting Information Systems,Bachelor of Arts in Accounting,0,0,0,0,0,
227,OK,NUEVA,BAC Full ES,STA 104,Statistical Methods,Bachelor of Arts in Accounting,0,0,0,0,0,
228,OK,NUEVA,BAC Full ES,FIN 320,Financial Mathematics,Bachelor of Arts in Accounting,0,0,0,0,0,
229,OK,NUEVA,BAC Full ES,BLA 230,Business Law,Bachelor of Arts in Accounting,0,0,0,0,0,
230,OK,NUEVA,BAC Full ES,ACC 300,Accounting for Decision Makers,Bachelor of Arts in Accounting,136,117,133,0,0,
231,OK,NUEVA,BAC Full ES,ACC 360,Cost Accounting and Analysis,Bachelor of Arts in Accounting,135,103,134,0,0,
232,OK,NUEVA,BAC Full ES,ACC 430,Accounting Analytics,Bachelor of Arts in Accounting,75,66,56,14,0,
233,OK,NUEVA,BAC Full ES,ACC 400,Intermediate Financial Accounting II,Bachelor of Arts in Accounting,0,0,0,0,0,
234,OK,NUEVA,BAC Full ES,ACC 385,Internal Auditing,Bachelor of Arts in Accounting,135,106,133,0,0,
235,OK,NUEVA,BAC Full ES,HRM 280,Human Resource Management,Bachelor of Arts in Accounting,135,90,134,0,0,
236,OK,NUEVA,BAC Full ES,FIN 245,Corporate Finance,Bachelor of Arts in Accounting,0,0,0,0,0,
237,OK,NUEVA,BAC Full ES,COM 450,Business and Professional Communication,Bachelor of Arts in Accounting,77,63,75,0,0,
238,OK,NUEVA,BAC Full ES,ACC 380,Advanced Issues in Financial Accounting,Bachelor of Arts in Accounting,0,0,0,0,0,
239,OK,NUEVA,BAC Full ES,ACC 420,International Accounting,Bachelor of Arts in Accounting,75,69,71,2,2,
240,OK,NUEVA,BAC Full ES,ACC 370,Financial Accounting for Governmental and Nonprofit Organizations,Bachelor of Arts in Accounting,73,50,73,0,0,
241,OK,NUEVA,BAC Full ES,ACC 440,Auditing,Bachelor of Arts in Accounting,0,0,0,0,0,
242,OK,NUEVA,BAC Full ES,LDM 205,Leadership Methods,Bachelor of Arts in Accounting,0,0,0,0,0,
243,OK,NUEVA,BAC Full ES,FIN 390,Financial Planning,Bachelor of Arts in Accounting,0,0,0,0,0,
244,OK,NUEVA,BAC Full ES,ACC 450,Accounting Capstone Project,Bachelor of Arts in Accounting,73,24,73,0,0,
245,OK,NUEVA,BAC Full ES,ENG 440,Professional Writing in Business,Bachelor of Arts in Accounting,76,44,76,0,0,
247,OK,ya importaba,MBA Full ES,MBA 502,Accounting for Decision-Making and Control,Master of Business Administration,131,103,128,0,1,
254,OK,ya importaba,MBA Full ES,MBA 601,International Business,Master of Business Administration,132,100,131,0,0,
266,OK,ya importaba,MHMG Full ES,HMG 603,Tourism Development,Master of Science in Hospitality Management,25,14,25,0,0,
267,OK,ya importaba,MHMG Full ES,HMG 503,Strategic Human Resources in Hospitality and Tourism,Master of Science in Hospitality Management,25,16,23,2,0,
268,OK,ya importaba,MHMG Full ES,HMG 602,Digital Marketing and Big Data Management for Hospitality and Tourism,Master of Science in Hospitality Management,25,14,25,0,0,
270,OK,ya importaba,MHMG Full ES,HMG 604,International Tourism Management,Master of Science in Hospitality Management,25,16,25,0,0,
271,OK,ya importaba,MHMG Full ES,HMG 605,Revenue Management for Hospitality and Tourism,Master of Science in Hospitality Management,24,17,24,0,0,
272,OK,NUEVA,MHMG Full ES,HMG 700,Hospitality Management Capstone,Master of Science in Hospitality Management,25,10,25,0,0,
273,OK,NUEVA,MHCM Full ES,HCM 700,Healthcare Management Capstone,Master of Science in Healthcare Management,97,54,97,3,0,
277,OK,ya importaba,MHCM Full ES,HCM 601,Healthcare Management for Executives,Master of Science in Healthcare Management,96,64,96,2,0,
289,OK,NUEVA,MBA Full ES,MBA 700,Business Administration Capstone,Master of Business Administration,135,70,135,0,0,
292,OK,ya importaba,BAC Upgrade ES,PSY 106,General Psychology,Bachelor of Arts in Accounting,143,128,139,0,0,
298,OK,ya importaba,MBA Full ES,MBA 503,Marketing for Executives,Master of Business Administration,132,108,130,0,2,
299,OK,ya importaba,BAC Upgrade ES,SOC 204,Principles of Sociology,Bachelor of Arts in Accounting,134,91,131,2,0,
300,OK,ya importaba,BAC Upgrade ES,TAX 300,Taxation,Bachelor of Arts in Accounting,141,91,137,1,0,
304,OK,ya importaba,BBA Upgrade ES,BUS 340,E-Business,Bachelor of Science in Business Administration,585,419,585,0,0,
305,OK,ya importaba,MBA Full ES,MBA 600,Managerial Economics,Master of Business Administration,132,105,130,0,0,
307,OK,ya importaba,BBA Upgrade ES,LED 381,Executive Leadership,Bachelor of Science in Business Administration,591,446,589,0,0,
309,OK,ya importaba,BAC Upgrade ES,HRM 280,Human Resource Management,Bachelor of Arts in Accounting,135,90,134,0,0,
311,OK,ya importaba,MBA Full ES,MBA 504,Leadership and Organizational Behavior,Master of Business Administration,134,110,130,1,1,
314,OK,ya importaba,MHCM Full ES,HCM605,Entrepreneurship in Healthcare Management,Master of Science in Healthcare Management,97,67,93,6,0,
316,OK,ya importaba,BBA Full ES,PSY 106,General Psychology,Bachelor of Science in Business Administration,601,548,597,0,1,
318,OK,ya importaba,MBA Full ES,MBA 602,Quantitative and Qualitative Methods for Decision-Making,Master of Business Administration,132,112,129,1,2,
319,OK,ya importaba,MHMG Full ES,HMG 600,Hospitality and Tourism Information Technology,Master of Science in Hospitality Management,26,19,26,0,0,
324,OK,ya importaba,BBA Upgrade ES,MAR 240,Marketing,Bachelor of Science in Business Administration,624,510,617,2,0,
325,OK,ya importaba,MBA Full ES,MBA 501,Business Law and Ethics,Master of Business Administration,135,114,133,1,0,
326,OK,ya importaba,BAC Upgrade ES,ACC 360,Cost Accounting and Analysis,Bachelor of Arts in Accounting,135,103,134,0,0,
327,OK,ya importaba,MHCM Full ES,HCM 504,Quality Improvement Using Health Informatics,Master of Science in Healthcare Management,96,69,96,2,0,
328,OK,ya importaba,BBA Full ES,MAR 240,Marketing,Bachelor of Science in Business Administration,624,510,617,2,0,
330,OK,ya importaba,BBA Full ES,ECT 103,Ethics and Critical Thinking,Bachelor of Science in Business Administration,363,308,351,3,1,
331,OK,ya importaba,BBA Upgrade ES,BUS 410,Strategic Administration,Bachelor of Science in Business Administration,594,486,589,0,0,
332,OK,ya importaba,BAC Upgrade ES,ACC 385,Internal Auditing,Bachelor of Arts in Accounting,135,106,133,0,0,
333,OK,ya importaba,MBA Full ES,MBA 500,Business in the Global Economy,Master of Business Administration,134,120,130,0,2,
334,OK,ya importaba,MHCM Full ES,HCM 500,Healthcare Systems,Master of Science in Healthcare Management,97,69,97,2,0,
337,OK,ya importaba,MBA Full ES,MBA 603,Supply Chain Management,Master of Business Administration,137,113,112,25,12,
338,OK,ya importaba,MHCM Full ES,HCM 502,Healthcare Policy Analysis,Master of Science in Healthcare Management,96,72,96,3,0,
339,OK,ya importaba,BBA Full ES,MIC 108,Microeconomics,Bachelor of Science in Business Administration,37,33,36,1,0,
340,OK,ya importaba,BBA Upgrade ES,MIS 470,Management Information System,Bachelor of Science in Business Administration,589,486,589,0,0,
343,OK,ya importaba,BAC Upgrade ES,ARH 203,Latin American Art History,Bachelor of Arts in Accounting,138,107,135,0,0,
345,OK,ya importaba,MBA Full ES,MBA 604,Information and Technology Management,Master of Business Administration,133,99,120,11,0,
346,OK,ya importaba,MHCM Full ES,HCM 501,Organization Theory and Behavior in Healthcare,Master of Science in Healthcare Management,97,75,97,3,0,
347,OK,ya importaba,BBA Full ES,STA 104,Statistical Methods,Bachelor of Science in Business Administration,30,25,30,0,0,
348,OK,ya importaba,BBA Upgrade ES,MAR 330,Sales Management,Bachelor of Science in Business Administration,599,527,591,2,0,
349,OK,ya importaba,BAC Upgrade ES,ACC 300,Accounting for Decision Makers,Bachelor of Arts in Accounting,136,117,133,0,0,
350,OK,ya importaba,MBA Full ES,MBA 605,Financial Decision-Making,Master of Business Administration,133,88,130,2,0,
351,OK,ya importaba,MHMG Full ES,HMG 601,Hospitality Entrepreneurship,Master of Science in Hospitality Management,25,23,25,0,0,
352,OK,ya importaba,MHCM Full ES,HCM 503,Healthcare Quality Assessment and Improvement,Master of Science in Healthcare Management,97,76,97,3,0,
355,OK,ya importaba,MBA Full ES,MBA 606,Human Resources Management,Master of Business Administration,134,90,133,0,0,
356,OK,ya importaba,MHMG Full ES,HMG 504,Law and Ethics in Hospitality and Tourism,Master of Science in Hospitality Management,25,22,25,0,0,
357,OK,ya importaba,MHCM Full ES,HCM 600,Strategic Management of Healthcare Organizations,Master of Science in Healthcare Management,97,84,96,2,0,
359,OK,ya importaba,BBA Full ES,ALG 105,College Algebra I,Bachelor of Science in Business Administration,31,28,30,0,0,
362,OK,NUEVA,,PSY 106,General Psychology,Bachelor of Science in Business Administration,601,548,597,0,1,
363,OK,ya importaba,BBA Upgrade ES,ECT 103,Ethics and Critical Thinking,Bachelor of Science in Business Administration,363,308,351,3,1,
364,OK,ya importaba,BAC Upgrade ES,ECT 103,Ethics and Critical Thinking,Bachelor of Arts in Accounting,80,66,79,1,1,
365,OK,NUEVA,MBA EOBS ES,MBA 601,International Business,Master of Business Administration,132,100,131,0,0,
366,OK,ya importaba,MBA Full ES,MBA 607,Advanced Project Management,Master of Business Administration,133,88,132,0,0,
367,OK,ya importaba,MHMG Full ES,HMG 500,Managing Service Quality in Hospitality and Tourism,Master of Science in Hospitality Management,25,23,25,0,0,
368,OK,ya importaba,MHCM Full ES,HCM 602,Legal and Ethical Issues in Healthcare,Master of Science in Healthcare Management,97,83,97,3,0,
370,OK,ya importaba,BBA Full ES,COM 102,Interpersonal Communication,Bachelor of Science in Business Administration,31,26,30,1,0,
371,OK,ya importaba,BAC Upgrade ES,ACC 420,International Accounting,Bachelor of Arts in Accounting,75,69,71,2,2,
372,OK,ya importaba,DCEA LLD,101,Didactics and Evaluation of Writing,Language and Literature Didactics,32,30,2,30,26,
373,OK,ya importaba,DCEA LLD,102,Didactics and Evaluation of Reading,Language and Literature Didactics,32,25,7,25,23,
374,OK,ya importaba,DCEA LLD,103,Didactics and Evaluation of Literary Reading,Language and Literature Didactics,32,24,8,24,21,
375,OK,ya importaba,DCEA LLD,104,Didactics and Evaluation of Oral Communication,Language and Literature Didactics,32,20,12,20,19,
376,OK,ya importaba,DCEA HSE,101,"Curriculum Development, Program Design and Evaluation",Health Sciences Education,33,19,16,17,13,
377,OK,ya importaba,DCEA HSE,102,Class Preparation,Health Sciences Education,33,15,20,13,13,
378,OK,ya importaba,DCEA HSE,103,Teaching in Health Sciences,Health Sciences Education,33,15,20,13,13,
379,OK,ya importaba,DCEA HSE,104,Learning Assessment in Health Sciences,Health Sciences Education,33,15,20,13,13,
381,OK,ya importaba,DCEA ABA,102,Applied Behavior Analysis (ABA) Evaluation in Autism Spectrum Disorder,Applied Behavior Analysis (ABA) Assessment and Intervention in Autistic Spectrum Disorder,108,63,51,57,52,
382,OK,ya importaba,DCEA ABA,103,Applied Behavior Analysis (ABA) Intervention in Autism Spectrum Disorder,Applied Behavior Analysis (ABA) Assessment and Intervention in Autistic Spectrum Disorder,109,60,55,54,44,
383,OK,ya importaba,DCEA ABA,104,Supports Throughout the Life of Individuals with High-Functioning Autism,Applied Behavior Analysis (ABA) Assessment and Intervention in Autistic Spectrum Disorder,109,53,62,47,6,
384,OK,NUEVA,DCEA PDN,101,Nursing Interventions in Growth and Development,Pediatric Nursing,3,0,3,0,0,
385,OK,NUEVA,DCEA PDN,102,Nursing Interventions in the Most Common Pediatric Conditions,Pediatric Nursing,3,0,3,0,0,
386,OK,NUEVA,DCEA PDN,103,Nutrition in Preschool and School-Aged Children,Pediatric Nursing,3,0,3,0,0,
387,OK,NUEVA,DCEA PDN,104,Medical and Surgical Emergencies in Pediatrics,Pediatric Nursing,3,0,3,0,0,
388,OK,ya importaba,DCEA CPS,101,Theories and Techniques of Psychotherapy,Clinical Psychology,23,17,16,8,5,
389,OK,ya importaba,DCEA CPS,102,Psychotherapeutic Instruments,Clinical Psychology,23,14,19,4,4,SÍ — la oferta apuntaba a otra asignatura
390,OK,ya importaba,DCEA CPS,103,Psychological First Aid,Clinical Psychology,23,13,20,3,3,SÍ — la oferta apuntaba a otra asignatura
391,OK,ya importaba,DCEA CPS,104,Psychological Treatment,Clinical Psychology,23,15,18,5,5,SÍ — la oferta apuntaba a otra asignatura
392,OK,ya importaba,DCEA SAW,101,Information Sources and Bibliographic Managers,Scientific Article Writing,76,52,27,49,37,
393,OK,ya importaba,DCEA SAW,102,Development of Theoretical and Conceptual Frameworks,Scientific Article Writing,76,41,38,38,36,
394,OK,ya importaba,DCEA SAW,103,Academic and Scientific Writing,Scientific Article Writing,76,37,42,34,30,
395,OK,ya importaba,DCEA SAW,104,Publication of Scientific Articles,Scientific Article Writing,75,33,45,30,29,
397,OK,NUEVA,DCEA NFH,102,"Nutrients, Hydration, and Ergogenic Aids in Exercise",Nutrition and Food for Health and Sports Performance,38,6,38,1,0,
398,OK,NUEVA,DCEA NFH,103,Nutritional Planning Applied to Physical Exercise,Nutrition and Food for Health and Sports Performance,38,6,38,1,0,
399,OK,NUEVA,DCEA NFH,104,Specialized Sports Nutrition,Nutrition and Food for Health and Sports Performance,38,6,38,1,0,
400,OK,NUEVA,DCEA MHP ES,101,Psychopathological Alterations in Patients,Mental Health and Psychiatry,2,0,2,0,0,
401,OK,NUEVA,DCEA MHP ES,102,Mental Disorders: Care Plans,Mental Health and Psychiatry,2,0,2,0,0,
402,OK,NUEVA,DCEA MHP ES,103,Psychiatric Treatments,Mental Health and Psychiatry,2,0,2,0,0,
403,OK,NUEVA,DCEA MHP ES,104,Psychiatric Emergencies,Mental Health and Psychiatry,2,0,2,0,0,
404,OK,ya importaba,DCEA NCD,101,Comprehensive Management of Arterial Hypertension,Nursing in Cardiology,7,6,2,5,5,
405,OK,ya importaba,DCEA NCD,102,Nursing in Coronary Artery Disease Management,Nursing in Cardiology,7,5,3,4,1,
406,OK,ya importaba,DCEA NCD,103,Nursing in Heart Failure Management,Nursing in Cardiology,7,3,5,2,0,
407,OK,ya importaba,DCEA NCD,104,Prevention and Control of Cardiovascular Risk Factors,Nursing in Cardiology,7,2,6,1,1,
408,OK,ya importaba,BBA Upgrade ES,MAN 370,Supply Chain Management,Bachelor of Science in Business Administration,343,303,333,3,1,
409,OK,NUEVA,DCEA RTD,101,Problem Identification,Research Thesis Development,5,0,5,0,0,
410,OK,NUEVA,DCEA RTD,102,Building the Theoretical Framework,Research Thesis Development,5,0,5,0,0,
411,OK,NUEVA,DCEA RTD,103,Design of the Methodological Framework,Research Thesis Development,5,0,5,0,0,
412,OK,NUEVA,DCEA RTD,104,Research Development and Results,Research Thesis Development,5,0,5,0,0,
413,OK,ya importaba,DCEA DMK,104,Digital Marketing Plan,Digital Marketing,3,2,1,2,2,
414,OK,ya importaba,DCEA DMK,101,Inbound Marketing,Digital Marketing,3,2,1,2,2,
415,OK,ya importaba,DCEA DMK,102,Workshop: Applying SEO and SEM,Digital Marketing,3,2,1,2,2,
416,OK,ya importaba,DCEA DMK,103,Workshop: Metrics and Digital Analytics,Digital Marketing,3,2,1,2,2,
417,OK,NUEVA,DCEA RPD,103,Quantitative Research Methods,Research Project Development,7,0,7,0,0,
418,OK,NUEVA,DCEA RPD,101,The Scientific Method and Proposal Formulation,Research Project Development,7,0,7,0,0,
419,OK,NUEVA,DCEA RPD,104,Preparation of Research Reports,Research Project Development,7,0,7,0,0,
420,OK,NUEVA,DCEA RPD,102,Qualitative Research Methods,Research Project Development,7,0,7,0,0,
421,OK,ya importaba,DCEA BMG,101,Starting a Business,Business Management,0,0,0,0,0,
422,OK,ya importaba,DCEA BMG,102,Business Growth,Business Management,0,0,0,0,0,
423,OK,ya importaba,DCEA BMG,103,Business Peak,Business Management,0,0,0,0,0,
424,OK,ya importaba,DCEA BMG,104,Crisis Management in Business,Business Management,0,0,0,0,0,
425,OK,ya importaba,DCEA CSD,101,Cyber Defense and Cyber Intelligence,Cybersecurity and Cyber Defense,8,8,0,8,6,
426,OK,ya importaba,DCEA CSD,104,Analysis of Digital Vulnerabilities,Cybersecurity and Cyber Defense,8,4,4,4,4,
427,OK,ya importaba,DCEA CSD,103,Managing a Cybersecurity Response Center,Cybersecurity and Cyber Defense,8,5,3,5,4,
428,OK,ya importaba,DCEA CSD,102,International Law in Cyberspace,Cybersecurity and Cyber Defense,8,6,2,6,5,
429,OK,NUEVA,DCEA SWG,101,Gender-based Violence as a Social Phenomenon,Social Work in Gender Violence,1,0,1,0,0,
430,OK,NUEVA,DCEA SWG,102,Promotion of Gender Equality in Social Intervention,Social Work in Gender Violence,1,0,1,0,0,
431,OK,NUEVA,DCEA SWG,103,Strategies for Social Intervention in Gender-based Violence,Social Work in Gender Violence,1,0,1,0,0,
432,OK,NUEVA,DCEA SWG,104,Strategies for Social Intervention with the Community,Social Work in Gender Violence,1,0,1,0,0,
433,OK,ya importaba,MBA Full ES,MBA 608,Entrepreneurial Leadership,Master of Business Administration,132,94,132,0,0,
434,OK,ya importaba,MHCM Full ES,HCM 603,Hospital Management,Master of Science in Healthcare Management,98,85,97,2,1,
435,OK,ya importaba,MHMG Full ES,HMG 501,Strategic Marketing in Hospitality,Master of Science in Hospitality Management,25,23,25,0,0,
437,OK,ya importaba,DCEA ABA,101,Early Detection and Diagnostic Process in Autism Spectrum Disorder,Applied Behavior Analysis (ABA) Assessment and Intervention in Autistic Spectrum Disorder,108,86,28,80,59,
438,OK,NUEVA,DCEA NFH,101,Nutrition for Health and Nutritional Assessment,Nutrition and Food for Health and Sports Performance,38,6,38,1,0,
439,OK,ya importaba,BBA Full ES,ACC 210,Principles of Managerial Accounting,Bachelor of Science in Business Administration,32,24,32,0,0,
442,OK,ya importaba,BBA Upgrade ES,MAR 420,International Marketing,Bachelor of Science in Business Administration,350,330,336,2,4,
443,OK,NUEVA,BAC Upgrade ES,BUS 201,Principles of Management,Bachelor of Arts in Accounting,77,68,77,0,0,
444,OK,ya importaba,MHCM Full ES,HCM 604,Health Crisis Management,Master of Science in Healthcare Management,97,77,84,14,7,
445,OK,ya importaba,MHMG Full ES,HMG 502, Organizational Behavior in the Hospitality Industry,Master of Science in Hospitality Management,26,24,18,8,6,
446,OK,NUEVA,DCEU OMG,102,Operations Management,Operations Management,5,0,5,0,0,
447,OK,NUEVA,DCEU OMG,101,Innovation Management,Operations Management,5,0,5,0,0,
448,OK,NUEVA,DCEU OMG,103,Process Management,Operations Management,5,0,5,0,0,
449,OK,NUEVA,DCEU PMG,102,Project Execution,Project Management,2,0,2,0,0,
450,OK,NUEVA,DCEU PMG,101,Project Initiation and Planning,Project Management,2,0,2,0,0,
451,OK,NUEVA,DCEU PMG,103,Project Monitoring and Closure,Project Management,2,0,2,0,0,
452,OK,NUEVA,DCEU IMG,103,Technology Management,Innovation Management,0,0,0,0,0,
453,OK,NUEVA,DCEU IMG,101,Strategic Management,Innovation Management,0,0,0,0,0,
454,OK,NUEVA,DCEU IMG,102,Innovation Management,Innovation Management,0,0,0,0,0,
456,OK,NUEVA,BBA CVC ES,PSY 106,General Psychology,Bachelor of Science in Business Administration,601,548,597,0,1,
457,OK,NUEVA,BBA CVC ES,TAX 300,Taxation,Bachelor of Science in Business Administration,584,409,580,0,0,
458,OK,NUEVA,BBA CVC ES,LED 381,Executive Leadership,Bachelor of Science in Business Administration,591,446,589,0,0,
460,OK,NUEVA,DCEU CMG,101,Financial Management,Management Control,1,0,1,0,0,
461,OK,NUEVA,DCEU CFN,102,Financial Evaluation,Corporate Finance,2,0,2,0,0,
462,OK,NUEVA,DCEU CFN,103,Financial Assets,Corporate Finance,2,0,2,0,0,
463,OK,NUEVA,DCEU CFN,101,Financial Management,Corporate Finance,2,0,2,0,0,
464,OK,NUEVA,DCEU FMG,101,Financial Management,Financial Management,3,0,3,0,0,
465,OK,NUEVA,DCEU FMG,102,Financial Planning and Strategy,Financial Management,3,0,3,0,0,
466,OK,NUEVA,DCEU FMG,103,Financial Tools,Financial Management,3,0,3,0,0,
467,OK,NUEVA,DCEU PMG,103,Organizational Behavior,People Management,0,0,0,0,0,
468,OK,NUEVA,DCEU PMG,102,Managerial Skills,People Management,0,0,0,0,0,
469,OK,NUEVA,DCEU PMG,101,Teamwork and Leadership,People Management,0,0,0,0,0,
470,OK,NUEVA,DCEU DMK,101,Digital Marketing,Digital Marketing,3,0,3,0,0,
471,OK,NUEVA,DCEU DMK,102,Digital Business,Digital Marketing,3,0,3,0,0,
472,OK,NUEVA,DCEU DMK,103,Social Media Marketing,Digital Marketing,3,0,3,0,0,
473,OK,NUEVA,DCEU MKMG,101,Marketing Management,Marketing Management,0,0,0,0,0,
474,OK,NUEVA,DCEU MKMG,102,Digital Marketing,Marketing Management,0,0,0,0,0,
475,OK,NUEVA,DCEU MKMG,103,Positive Marketing,Marketing Management,0,0,0,0,0,
476,OK,NUEVA,DCEU CPT,101,Corporate Communication,Communication and Persuasion Techniques,24,2,24,1,0,
477,OK,NUEVA,DCEU CPT,102,Negotiation and Persuasion,Communication and Persuasion Techniques,24,2,24,1,0,
478,OK,NUEVA,DCEU CPT,103,Persuasion and Emotions,Communication and Persuasion Techniques,24,2,24,1,0,
479,OK,NUEVA,DCEU PSL,103,Change Management,Professional Skills and Leadership,2,0,2,0,0,
480,OK,NUEVA,DCEU PSL,101,Managerial Skills,Professional Skills and Leadership,2,0,2,0,0,
481,OK,NUEVA,DCEU PSL,102,Leadership and Teamwork,Professional Skills and Leadership,2,0,2,0,0,
482,OK,NUEVA,DCEU CEI,102,Fundamentals and Tools of NLP (Neuro-Linguistic Programming),"Coaching, PNL and Emotional Intelligence",31,1,31,0,0,
483,OK,NUEVA,DCEU CEI,103,Emotional Intelligence,"Coaching, PNL and Emotional Intelligence",31,0,31,0,0,
484,OK,NUEVA,DCEU CEI,101,Introduction to Coaching,"Coaching, PNL and Emotional Intelligence",31,1,31,0,0,
485,OK,NUEVA,DCEU AGM,102,Design Thinking,Agile Methodologies,2,0,2,0,0,
486,OK,NUEVA,DCEU AGM,103,Lean Strategy,Agile Methodologies,2,0,2,0,0,
487,OK,NUEVA,DCEU AGM,101,Agile Methodologies,Agile Methodologies,2,0,2,0,0,
488,OK,NUEVA,MBA EOBS ES,MBA 604,Information and Technology Management,Master of Business Administration,133,99,120,11,0,
489,OK,NUEVA,MBA EOBS ES,MBA 607,Advanced Project Management,Master of Business Administration,133,88,132,0,0,
490,OK,NUEVA,MBA EOBS ES,MBA 700,Business Administration Capstone,Master of Business Administration,135,70,135,0,0,
491,OK,NUEVA,MBA EOBS ES,MBA 502,Accounting for Decision-Making and Control,Master of Business Administration,131,103,128,0,1,
492,OK,NUEVA,MBA EOBS ES,MBA 503,Marketing for Executives,Master of Business Administration,132,108,130,0,2,
493,OK,NUEVA,MBA EOBS ES,MBA 600,Managerial Economics,Master of Business Administration,132,105,130,0,0,
494,OK,NUEVA,MBA EOBS ES,MBA 504,Leadership and Organizational Behavior,Master of Business Administration,134,110,130,1,1,
495,OK,NUEVA,MBA EOBS ES,MBA 602,Quantitative and Qualitative Methods for Decision-Making,Master of Business Administration,132,112,129,1,2,
496,OK,NUEVA,MBA EOBS ES,MBA 501,Business Law and Ethics,Master of Business Administration,135,114,133,1,0,
497,OK,NUEVA,MBA EOBS ES,MBA 500,Business in the Global Economy,Master of Business Administration,134,120,130,0,2,
498,OK,NUEVA,MBA EOBS ES,MBA 603,Supply Chain Management,Master of Business Administration,137,113,112,25,12,
499,OK,NUEVA,BBA CVC ES,MAR 240,Marketing,Bachelor of Science in Business Administration,624,510,617,2,0,
500,OK,NUEVA,MBA EOBS ES,MBA 605,Financial Decision-Making,Master of Business Administration,133,88,130,2,0,
501,OK,NUEVA,BBA CVC ES,ECT 103,Ethics and Critical Thinking,Bachelor of Science in Business Administration,363,308,351,3,1,
502,OK,NUEVA,MBA EOBS ES,MBA 606,Human Resources Management,Master of Business Administration,134,90,133,0,0,
503,OK,NUEVA,BBA CVC ES,MIC 108,Microeconomics,Bachelor of Science in Business Administration,37,33,36,1,0,
504,OK,NUEVA,BBA CVC ES,STA 104,Statistical Methods,Bachelor of Science in Business Administration,30,25,30,0,0,
505,OK,NUEVA,MBA EOBS ES,MBA 608,Entrepreneurial Leadership,Master of Business Administration,132,94,132,0,0,
506,OK,NUEVA,BBA CVC ES,ALG 105,College Algebra I,Bachelor of Science in Business Administration,31,28,30,0,0,
507,OK,NUEVA,BBA CVC ES,COM 102,Interpersonal Communication,Bachelor of Science in Business Administration,31,26,30,1,0,
508,OK,NUEVA,BBA CVC ES,ACC 210,Principles of Managerial Accounting,Bachelor of Science in Business Administration,32,24,32,0,0,
509,OK,NUEVA,BBA CVC ES,CIS 109,Computer Science I,Bachelor of Science in Business Administration,30,27,30,0,0,
510,OK,NUEVA,BBA CVC ES,CBU 200,Calculus for Business,Bachelor of Science in Business Administration,20,15,20,0,0,
511,OK,NUEVA,BBA CVC ES,MAC 201,Macroeconomics,Bachelor of Science in Business Administration,20,18,20,0,0,
512,OK,NUEVA,BBA CVC ES,CIS 320,Computer Science II,Bachelor of Science in Business Administration,21,19,21,0,0,
513,OK,NUEVA,,FIN 260,Principles of Financial Accounting,Bachelor of Science in Business Administration,20,16,20,0,0,
514,OK,NUEVA,BBA CVC ES,BUS 290,Management of Organizations,Bachelor of Science in Business Administration,20,19,20,0,0,
515,OK,NUEVA,BBA CVC ES,COM 450,Business and Professional Communication,Bachelor of Science in Business Administration,347,266,340,7,0,
516,OK,NUEVA,BBA CVC ES,FIN 320,Financial Mathematics,Bachelor of Science in Business Administration,20,16,20,0,0,
517,OK,NUEVA,BBA CVC ES,HRM 280,Human Resource Management,Bachelor of Science in Business Administration,20,18,20,0,0,
518,OK,NUEVA,BBA CVC ES,MAR 330,Sales Management,Bachelor of Science in Business Administration,599,527,591,2,0,
519,OK,NUEVA,BBA CVC ES,MIS 470,Management Information System,Bachelor of Science in Business Administration,589,486,589,0,0,
520,OK,NUEVA,BBA CVC ES,MAN 370,Supply Chain Management,Bachelor of Science in Business Administration,343,303,333,3,1,
521,OK,NUEVA,BBA CVC ES,BUS 350,Public Administration,Bachelor of Science in Business Administration,350,222,344,1,0,
522,OK,NUEVA,BBA CVC ES,BLA 230,Business Law,Bachelor of Science in Business Administration,16,8,16,0,0,
523,OK,NUEVA,BBA CVC ES,ENG 440,Professional Writing in Business,Bachelor of Science in Business Administration,339,217,335,0,0,
524,OK,NUEVA,BBA CVC ES,STA 460,Advanced Statistics,Bachelor of Science in Business Administration,348,254,340,0,0,
525,OK,NUEVA,BBA CVC ES,FIN 220,Finance,Bachelor of Science in Business Administration,16,12,15,1,1,
527,OK,NUEVA,BBA CVC ES,ACC 300,Accounting for Decision Makers,Bachelor of Science in Business Administration,16,10,16,0,0,
528,OK,NUEVA,BBA CVC ES,BUS 250,Introduction to International Business,Bachelor of Science in Business Administration,16,10,16,0,0,
529,OK,NUEVA,BBA CVC ES,BUS 340,E-Business,Bachelor of Science in Business Administration,585,419,585,0,0,
530,OK,NUEVA,BBA CVC ES,PMB 270,Project Management,Bachelor of Science in Business Administration,589,505,474,113,0,
531,OK,NUEVA,BBA CVC ES,MAR 420,International Marketing,Bachelor of Science in Business Administration,350,330,336,2,4,
532,OK,NUEVA,BBA CVC ES,FIN 390,Financial Planning,Bachelor of Science in Business Administration,12,7,12,0,0,
533,OK,NUEVA,BBA CVC ES,BUS 400,Organizational Behavior,Bachelor of Science in Business Administration,12,10,12,0,0,
534,OK,NUEVA,BBA CVC ES,BUS 430,Emerging Technologies,Bachelor of Science in Business Administration,346,274,268,34,0,
535,OK,NUEVA,BBA CVC ES,LED 380,Business Leadership,Bachelor of Science in Business Administration,0,0,0,0,0,
536,OK,NUEVA,BBA CVC ES,BUS 410,Strategic Administration,Bachelor of Science in Business Administration,594,486,589,0,0,
537,OK,NUEVA,BBA CVC ES,CAP 480,Capstone Project,Bachelor of Science in Business Administration,334,130,334,0,0,
538,OK,NUEVA,DCEU CMG,103,Balanced Scorecard,Management Control,1,0,1,0,0,
539,OK,NUEVA,DCEU CMG,102,Management Control,Management Control,1,0,1,0,0,
546,OK,NUEVA,DCEA NCD EN,101,Comprehensive Management of Arterial Hypertension,Nursing in Cardiology,7,6,2,5,5,
547,OK,NUEVA,DCEA MHP EN,101,Psychopathological Alterations in Patients,Mental Health and Psychiatry,2,0,2,0,0,
548,OK,NUEVA,DCEA NCD EN,102,Nursing in Coronary Artery Disease Management,Nursing in Cardiology,7,5,3,4,1,
549,OK,NUEVA,DCEA NCD EN,103,Nursing in Heart Failure Management,Nursing in Cardiology,7,3,5,2,0,
550,OK,NUEVA,DCEA NCD EN,104,Prevention and Control of Cardiovascular Risk Factors,Nursing in Cardiology,7,2,6,1,1,
552,OK,NUEVA,DCEA MHP EN,102,Mental Disorders: Care Plans,Mental Health and Psychiatry,2,0,2,0,0,
553,OK,NUEVA,DCEA MHP EN,103,Psychiatric Treatments,Mental Health and Psychiatry,2,0,2,0,0,
554,OK,NUEVA,DCEA MHP EN,104,Psychiatric Emergencies,Mental Health and Psychiatry,2,0,2,0,0,
561,OK,NUEVA,DCEA SMK,103,Strategic Marketing Plan,Strategic Marketing,1,0,1,0,0,
562,OK,NUEVA,DCEA SMK,101,Branding,Strategic Marketing,1,0,1,0,0,
563,OK,NUEVA,DCEA SMK,104,Consumer Behavior,Strategic Marketing,1,0,1,0,0,
564,OK,NUEVA,DCEA SMK,102,Integrated Marketing Communication,Strategic Marketing,1,0,1,0,0,
565,OK,NUEVA,DCEU EXC,101,Tools and Competencies of Coaching,Executive Coaching,14,1,14,0,0,
566,OK,NUEVA,DCEU EXC,102,Introduction to Coaching,Executive Coaching,14,1,14,0,0,
567,OK,NUEVA,DCEU EXC,103,Motivational Systems SDI,Executive Coaching,14,1,14,0,0,
570,OK,NUEVA,MBA BEBS EN,MBA 504,Leadership and Organizational Behavior,Master of Business Administration,134,110,130,1,1,
571,OK,NUEVA,MBA BEBS EN,MBA 502,Accounting for Decision-Making and Control,Master of Business Administration,131,103,128,0,1,
572,OK,NUEVA,MBA BEBS EN,MBA 607,Advanced Project Management,Master of Business Administration,133,88,132,0,0,
573,OK,NUEVA,MBA BEBS EN,MBA 503,Marketing for Executives,Master of Business Administration,132,108,130,0,2,
574,OK,NUEVA,MBA BEBS EN,MBA 700,Business Administration Capstone,Master of Business Administration,135,70,135,0,0,
575,OK,ya importaba,MCJS Full ES,CJS 500,Modern Trends in Criminal Justice,Master of Science in Criminal Justice,15,9,13,1,0,
576,OK,ya importaba,MCJS Full ES,CJS 501,Criminological Perspectives,Master of Science in Criminal Justice,15,10,9,5,4,
577,OK,ya importaba,MCJS Full ES,CJS 502,Law Enforcement and Society,Master of Science in Criminal Justice,15,5,12,2,0,
578,OK,ya importaba,MCJS Full ES,CJS 503,Legal and Criminal Prosecution,Master of Science in Criminal Justice,15,4,13,1,0,
579,OK,ya importaba,MCJS Full ES,CJS 504,Correctional Management,Master of Science in Criminal Justice,15,5,13,1,0,
580,OK,ya importaba,MCJS Full ES,CJS 600,Juvenile Justice,Master of Science in Criminal Justice,15,4,13,1,0,
581,OK,ya importaba,MERE Full ES,ERE 500,Photovoltaic Solar Energy Technologies,Master of Science in Renewable Energy and Sustainability Systems,15,13,15,0,0,
582,OK,ya importaba,MCJS Full ES,CJS 601,Technology and Criminal Justice,Master of Science in Criminal Justice,15,7,13,1,0,
583,OK,ya importaba,MCJS Full ES,CJS 602,Comparative Criminal Policy,Master of Science in Criminal Justice,15,7,13,1,0,
584,OK,ya importaba,MCJS Full ES,CJS 603,Victimology,Master of Science in Criminal Justice,15,8,11,3,1,
585,OK,ya importaba,MCJS Full ES,CJS 604,Ethics in Criminal Justice,Master of Science in Criminal Justice,15,9,12,2,0,
586,OK,ya importaba,MCJS Full ES,CJS 605,Applied Research in Criminal Justice,Master of Science in Criminal Justice,15,9,13,1,0,
587,OK,NUEVA,MCJS Full ES,CJS 700,Capstone Project in Criminal Justice,Master of Science in Criminal Justice,15,4,13,1,0,
589,OK,ya importaba,MERE Full ES,ERE 501,Wind Energy Systems,Master of Science in Renewable Energy and Sustainability Systems,15,11,9,6,4,
590,OK,ya importaba,MERE Full ES,ERE 502,Energy Storage,Master of Science in Renewable Energy and Sustainability Systems,15,9,13,2,0,
591,OK,ya importaba,MERE Full ES,ERE 503,Energy Efficiency Optimization,Master of Science in Renewable Energy and Sustainability Systems,3,3,0,0,0,
592,OK,ya importaba,MERE Full ES,ERE 504,Energy Policies and Sustainability,Master of Science in Renewable Energy and Sustainability Systems,15,8,15,0,0,
593,OK,ya importaba,MERE Full ES,ERE 600,Energy Economics and Markets,Master of Science in Renewable Energy and Sustainability Systems,15,9,15,0,0,
594,OK,ya importaba,MERE Full ES,ERE 601,Biomass and Sustainable Bioenergy,Master of Science in Renewable Energy and Sustainability Systems,15,11,15,0,0,
595,OK,ya importaba,MERE Full ES,ERE 602,Exploration of Geothermal Energy,Master of Science in Renewable Energy and Sustainability Systems,15,13,15,0,0,
596,OK,ya importaba,MERE Full ES,ERE 603,Renewable Energy Grid Integration,Master of Science in Renewable Energy and Sustainability Systems,15,13,14,1,1,
597,OK,ya importaba,MERE Full ES,ERE 604,Renewable Energy Projects,Master of Science in Renewable Energy and Sustainability Systems,15,15,15,0,0,
598,OK,ya importaba,MERE Full ES,ERE 605,Innovation in Renewable Energy,Master of Science in Renewable Energy and Sustainability Systems,15,15,15,0,0,
599,OK,NUEVA,MERE Full ES,ERE 700,Capstone Project,Master of Science in Renewable Energy and Sustainability Systems,15,6,15,0,0,
600,OK,NUEVA,MCYS Full ES,CYS 700,Capstone Project in Cybersecurity,Master of Science in Cybersecurity,20,0,20,0,0,
601,OK,ya importaba,MCYS Full ES,CYS 605,Secure Application Development,Master of Science in Cybersecurity,20,17,20,0,0,
602,OK,ya importaba,MCYS Full ES,CYS 604,Threat Intelligence,Master of Science in Cybersecurity,20,16,20,0,0,
603,OK,ya importaba,MCYS Full ES,CYS 603,Ethical Hacking and Penetration,Master of Science in Cybersecurity,20,14,20,0,0,
604,OK,ya importaba,MCYS Full ES,CYS 602,Mobile Device Security,Master of Science in Cybersecurity,20,13,20,0,0,
605,OK,ya importaba,MCYS Full ES,CYS 601,Cloud Security,Master of Science in Cybersecurity,20,11,20,0,0,
606,OK,ya importaba,MCYS Full ES,CYS 600,Ethics and Legislation in Cybersecurity,Master of Science in Cybersecurity,20,9,20,0,0,
607,OK,ya importaba,MCYS Full ES,CYS 504,Cybersecurity Risk Management,Master of Science in Cybersecurity,20,9,20,0,0,
608,OK,ya importaba,MCYS Full ES,CYS 503,Network Security,Master of Science in Cybersecurity,20,5,20,0,0,
609,OK,ya importaba,MCYS Full ES,CYS 502,Digital Forensic Analysis,Master of Science in Cybersecurity,20,12,12,8,0,
610,OK,ya importaba,MCYS Full ES,CYS 501,Cryptography and its Applications,Master of Science in Cybersecurity,20,15,7,13,8,
611,OK,ya importaba,MCYS Full ES,CYS 500,Computer and Cybersecurity,Master of Science in Cybersecurity,20,18,17,3,2,
612,OK,NUEVA,MPRO Full ES,PRO 700,Capstone in Project Management,Master of Science in Project Management,14,1,13,0,0,
613,OK,ya importaba,MPRO Full ES,PRO 603,Innovation and Project Development,Master of Science in Project Management,12,10,11,0,0,
614,OK,ya importaba,MPRO Full ES,PRO 604,Project Evaluation and Metrics,Master of Science in Project Management,12,10,11,0,0,
615,OK,ya importaba,MPRO Full ES,PRO 602,Ethics and Social Responsibility in Projects,Master of Science in Project Management,12,8,11,0,0,
616,OK,ya importaba,MPRO Full ES,PRO 600,Information Technologies in Project Management,Master of Science in Project Management,12,10,11,0,0,
617,OK,ya importaba,MPRO Full ES,PRO 504,Human Resources Management in Projects,Master of Science in Project Management,12,8,11,0,0,
618,OK,ya importaba,MPRO Full ES,PRO 503,Finance for Project Managers,Master of Science in Project Management,12,7,11,0,0,
619,OK,ya importaba,MPRO Full ES,PRO 502,Risk and Quality Management,Master of Science in Project Management,12,7,11,0,0,
620,OK,ya importaba,MPRO Full ES,PRO 501,Project Leadership,Master of Science in Project Management,12,6,11,0,0,
621,OK,ya importaba,MPRO Full ES,PRO 500,Strategic Project Management,Master of Science in Project Management,12,7,10,1,0,
622,OK,ya importaba,MPRO Full ES,PRO 605,Change and Transition Management,Master of Science in Project Management,14,9,6,7,5,
623,OK,ya importaba,MPRO Full ES,PRO 601,Stakeholder Management and Communication,Master of Science in Project Management,14,11,13,0,0,
624,OK,NUEVA,MAIS Full ES,AIS 700,Capstone Project in Artificial Intelligence,Master of Science in Artificial Intelligence,58,8,55,0,0,
625,OK,ya importaba,MAIS Full ES,AIS 605,Development of Artificial Intelligence Applications,Master of Science in Artificial Intelligence,58,50,55,0,0,
626,OK,ya importaba,MAIS Full ES,AIS 604,Business Applications of Artificial Intelligence,Master of Science in Artificial Intelligence,58,45,55,0,0,
627,OK,ya importaba,MAIS Full ES,AIS 603,Ethics in Artificial Intelligence,Master of Science in Artificial Intelligence,58,36,53,2,0,
628,OK,ya importaba,MAIS Full ES,AIS 602,Reinforced Learning,Master of Science in Artificial Intelligence,58,38,55,0,0,
629,OK,ya importaba,MAIS Full ES,AIS 601,Advanced Signal Processing,Master of Science in Artificial Intelligence,58,29,55,0,0,
630,OK,ya importaba,MAIS Full ES,AIS 600,Intelligent Robotics,Master of Science in Artificial Intelligence,58,21,55,0,0,
631,OK,ya importaba,MAIS Full ES,AIS 504,Neural Networks and Deep Learning,Master of Science in Artificial Intelligence,58,23,55,0,0,
632,OK,ya importaba,MAIS Full ES,AIS 503,Computer Vision,Master of Science in Artificial Intelligence,58,12,55,0,0,
633,OK,ya importaba,MAIS Full ES,AIS 502,Natural Language Processing (NLP),Master of Science in Artificial Intelligence,58,28,38,17,0,
634,OK,ya importaba,MAIS Full ES,AIS 501,Machine Learning,Master of Science in Artificial Intelligence,58,41,20,35,30,
635,OK,ya importaba,MAIS Full ES,AIS 500,Human-AI Interaction,Master of Science in Artificial Intelligence,58,51,55,0,0,
636,OK,ya importaba,DBA,OTH 7600,Organizational Theory,Doctorate in Business Administration,56,49,56,0,0,
637,OK,ya importaba,DBA,MVP 7610,Measuring the Added Value Proposition,Doctorate in Business Administration,56,40,37,19,0,
643,OK,ya importaba,DBA,HRL 7615,Human Resource Leadership,Doctorate in Business Administration,56,28,56,0,0,
644,OK,ya importaba,DBA,ACM 7620,Market Analysis and Main Concepts in Marketing,Doctorate in Business Administration,56,30,56,0,0,
645,OK,ya importaba,DBA,MIT 7625,Management of Innovative Technologies I,Doctorate in Business Administration,56,40,56,0,0,
646,OK,ya importaba,DBA,CAT 7630,Competitive Advantage Theory and Application,Doctorate in Business Administration,56,45,56,0,0,
647,OK,ya importaba,DBA,QUA 7635,Quantitative and Qualitative Analysis,Doctorate in Business Administration,19,11,19,0,0,
648,OK,ya importaba,DBA,QRE 8640,Quantitative Research,Doctorate in Business Administration,19,16,3,16,0,
654,OK,ya importaba,DCEA SPT,101,Nutrition for Health and Nutritional Assessment,Expert in Sports Training,7,1,7,0,0,
655,OK,ya importaba,DCEA SPT,102,"Nutrients, Hydration and Ergogenic Aids in Exercise",Expert in Sports Training,7,1,7,0,0,
656,OK,ya importaba,DCEA SPT,104,Strategic Vision in the Sports Sector,Expert in Sports Training,1,1,1,0,0,
657,OK,ya importaba,DCEA SPT,105,Organization and Management of Sports Events,Expert in Sports Training,1,1,1,0,0,
658,OK,NUEVA,DBA,QRE 8645,Qualitative Research,Doctorate in Business Administration,0,0,0,0,0,
659,OK,NUEVA,DBA,MMR 8650,Mixed Methods Research,Doctorate in Business Administration,19,0,19,0,0,
660,OK,NUEVA,DBA,SDA 8655,Statistics for Data Analysis,Doctorate in Business Administration,19,0,19,0,0,
661,OK,NUEVA,DCEA DFA,101,Digital Ecosystems and Electronic Evidence Analysis,Digital Forensic Audit and Incident Response,8,0,8,0,0,
662,OK,NUEVA,DCEA DFA,102,Advanced Techniques for Detection and Forensic Analysis,Digital Forensic Audit and Incident Response,8,0,8,0,0,
663,OK,NUEVA,DCEA DFA,103,Comprehensive Incident Response Management and Expert Reporting,Digital Forensic Audit and Incident Response,8,0,8,0,0,
665,OK,NUEVA,DCEA ECR,101,Regulatory Framework and Strategic Management of Environmental Compliance and ESG,Environmental Compliance And Esg Risk Assessment,23,3,23,1,0,
666,OK,NUEVA,DCEA ECR,102,"Analysis of Environmental, Social, and Corporate Governance Risks",Environmental Compliance And Esg Risk Assessment,23,3,23,1,0,
667,OK,NUEVA,DCEA ECR,103,"ESG Performance Audit, Monitoring, and Reporting",Environmental Compliance And Esg Risk Assessment,23,3,23,1,0,
668,OK,ya importaba,DCEA ABA,105,Management of ADHD: Daily Strategies for Elementary School Students,Applied Behavior Analysis (ABA) Assessment and Intervention in Autistic Spectrum Disorder,108,14,104,8,3,
669,OK,ya importaba,DCEA SAW,105,How to Write and Publish a Scientific Article,Scientific Article Writing,75,4,74,1,0,
670,OK,ya importaba,DCEA NCD,105,In-depth and Updated Cardiovascular Disease Management,Nursing in Cardiology,7,1,7,0,0,
671,OK,NUEVA,DCEA RPD,105,Understanding Research Methods,Research Project Development,7,0,7,0,0,
672,OK,NUEVA,DCET UNDC PMT,101,Public Management in Tourism,Public Management in Tourism,7,0,7,0,0,
676,OK,NUEVA,DCET UNDC DAMR,101,El método científico y la formulación de propuestas,Data Analysis and Management for Research,28,0,28,0,0,
677,OK,NUEVA,DCET UNDC DAMR,102,Modelo cualitativo de Investigación,Data Analysis and Management for Research,28,0,28,0,0,
678,OK,NUEVA,DCET UNDC DAMR,103,Modelo cuantitativo de investigación,Data Analysis and Management for Research,28,0,28,0,0,
679,OK,NUEVA,DCET UNDC DAMR,104,Elaboración de Informes de Investigación,Data Analysis and Management for Research,28,0,28,0,0,
680,OK,NUEVA,DCET UNDC DAMR,105,Fuentes de Información y Gestores Bibliográficos,Data Analysis and Management for Research,0,0,0,0,0,
681,OK,NUEVA,DCET UNDC DAMR,106,Elaboración de marcos teóricos y conceptuales,Data Analysis and Management for Research,0,0,0,0,0,
682,OK,NUEVA,DCET UNDC DAMR,107,Redacción Académica y Científica,Data Analysis and Management for Research,0,0,0,0,0,
683,OK,NUEVA,DCET UNDC DAMR,108,Publicaciones de Artículos Científicos,Data Analysis and Management for Research,0,0,0,0,0,
690,OK,NUEVA,DCET UNDC DAMR,109,Marketing Digital,Data Analysis and Management for Research,0,0,0,0,0,
691,OK,NUEVA,DCET UNDC DAMR,110,Comunicación Corporativa,Data Analysis and Management for Research,0,0,0,0,0,
692,OK,NUEVA,DCET UNDC DAMR,111,Gestión del Cambio,Data Analysis and Management for Research,0,0,0,0,0,
693,OK,NUEVA,DCET UNDC DAMR,112,Metodologías Ágiles,Data Analysis and Management for Research,0,0,0,0,0,
706,OK,NUEVA,DCEU CGN,101,Comprehensive Care for the Elderly,Comprehensive Geriatric Nursing,2,1,2,0,0,
707,OK,NUEVA,DCEU CGN,102,Mental Health and Psychosocial Support in Geriatrics,Comprehensive Geriatric Nursing,2,1,2,0,0,
708,OK,NUEVA,DCEU CGN,103,Health Promotion and Disease Prevention in Geriatrics,Comprehensive Geriatric Nursing,2,1,2,0,0,
711,OK,NUEVA,BBA Upgrade ES,ENG 101,English Composition I,Bachelor of Science in Business Administration,621,311,621,0,0,
712,OK,NUEVA,BBA Upgrade ES,ENG 202,English Composition II,Bachelor of Science in Business Administration,340,257,340,0,0,
721,OK,NUEVA,BBA Full ES,ENG 101,English Composition I,Bachelor of Science in Business Administration,621,311,621,0,0,
722,OK,NUEVA,BBA Full ES,ENG 202,English Composition II,Bachelor of Science in Business Administration,340,257,340,0,0,
724,OK,NUEVA,MBA Full EN,MBA 700,Business Administration Capstone,Master of Business Administration,135,70,135,0,0,
731,OK,NUEVA,BAC Upgrade ES,ENG 101,English Composition I,Bachelor of Arts in Accounting,132,100,132,0,0,
732,OK,NUEVA,BAC Upgrade ES,ENG 202,English Composition II,Bachelor of Arts in Accounting,76,64,76,0,0,
733,OK,NUEVA,MPRO Full EN,PRO 601,Stakeholder Management and Communication,Master of Science in Project Management,14,11,13,0,0,
734,OK,NUEVA,MPRO Full EN,PRO 605,Change and Transition Management,Master of Science in Project Management,14,9,6,7,5,
735,OK,NUEVA,MPRO Full EN,PRO 700,Capstone in Project Management,Master of Science in Project Management,14,1,13,0,0,
736,OK,NUEVA,DCEA ABA EN,101,Early Detection and Diagnostic Process in Autism Spectrum Disorder,Applied Behavior Analysis (ABA) Assessment and Intervention in Autistic Spectrum Disorder,108,86,28,80,59,
737,OK,NUEVA,DCEA ABA EN,102,Applied Behavior Analysis (ABA) Evaluation in Autism Spectrum Disorder,Applied Behavior Analysis (ABA) Assessment and Intervention in Autistic Spectrum Disorder,108,63,51,57,52,
738,OK,NUEVA,DCEA ABA EN,103,Applied Behavior Analysis (ABA) Intervention in Autism Spectrum Disorder,Applied Behavior Analysis (ABA) Assessment and Intervention in Autistic Spectrum Disorder,109,60,55,54,44,
739,OK,NUEVA,DCEA ABA EN,104,Supports Throughout the Life of Individuals with High-Functioning Autism,Applied Behavior Analysis (ABA) Assessment and Intervention in Autistic Spectrum Disorder,109,53,62,47,6,
740,OK,NUEVA,DCEA ABA EN,105,Management of ADHD: Daily Strategies for Elementary School Students,Applied Behavior Analysis (ABA) Assessment and Intervention in Autistic Spectrum Disorder,108,14,104,8,3,
741,OK,NUEVA,BBA CVC ES,ENG 101,English Composition I,Bachelor of Science in Business Administration,621,311,621,0,0,
743,OK,NUEVA,BBA CVC ES,ENG 202,English Composition II,Bachelor of Science in Business Administration,340,257,340,0,0,
744,OK,NUEVA,MHMG Full EN,HMG 700,Hospitality Management Capstone,Master of Science in Hospitality Management,25,10,25,0,0,
746,OK,NUEVA,MPRO Full EN,PRO 500,Strategic Project Management,Master of Science in Project Management,12,7,10,1,0,
747,OK,NUEVA,MPRO Full EN,PRO 501,Project Leadership,Master of Science in Project Management,12,6,11,0,0,
748,OK,NUEVA,MPRO Full EN,PRO 502,Risk and Quality Management,Master of Science in Project Management,12,7,11,0,0,
749,OK,NUEVA,MPRO Full EN,PRO 503,Finance for Project Managers,Master of Science in Project Management,12,7,11,0,0,
750,OK,NUEVA,MPRO Full EN,PRO 504,Human Resources Management in Projects,Master of Science in Project Management,12,8,11,0,0,
751,OK,NUEVA,MPRO Full EN,PRO 600,Information Technologies in Project Management,Master of Science in Project Management,12,10,11,0,0,
752,OK,NUEVA,MPRO Full EN,PRO 602,Ethics and Social Responsibility in Projects,Master of Science in Project Management,12,8,11,0,0,
753,OK,NUEVA,MPRO Full EN,PRO 603,Innovation and Project Development,Master of Science in Project Management,12,10,11,0,0,
754,OK,NUEVA,MPRO Full EN,PRO 604,Project Evaluation and Metrics,Master of Science in Project Management,12,10,11,0,0,
760,OK,NUEVA,DCEA NFH,105,Nutrition and Obesity: Weight Control,Nutrition and Food for Health and Sports Performance,38,6,38,1,0,
762,OK,NUEVA,DCET UNDC Turismo,101,Territorial Diagnosis of Public Investment Projects in Tourism,Territorial Diagnosis of Public Investment Projects in Tourism,18,0,18,0,0,
763,OK,NUEVA,MERE Full EN,ERE 700,Capstone Project,Master of Science in Renewable Energy and Sustainability Systems,15,6,15,0,0,
764,OK,NUEVA,MERE Full EN,ERE 605,Innovation in Renewable Energy,Master of Science in Renewable Energy and Sustainability Systems,15,15,15,0,0,
765,OK,NUEVA,MERE Full EN,ERE 604,Renewable Energy Projects,Master of Science in Renewable Energy and Sustainability Systems,15,15,15,0,0,
766,OK,NUEVA,MERE Full EN,ERE 603,Renewable Energy Grid Integration,Master of Science in Renewable Energy and Sustainability Systems,15,13,14,1,1,
767,OK,NUEVA,MERE Full EN,ERE 602,Exploration of Geothermal Energy,Master of Science in Renewable Energy and Sustainability Systems,15,13,15,0,0,
768,OK,NUEVA,MERE Full EN,ERE 601,Biomass and Sustainable Bioenergy,Master of Science in Renewable Energy and Sustainability Systems,15,11,15,0,0,
769,OK,NUEVA,MERE Full EN,ERE 600,Energy Economics and Markets,Master of Science in Renewable Energy and Sustainability Systems,15,9,15,0,0,
770,OK,NUEVA,MERE Full EN,ERE 504,Energy Policies and Sustainability,Master of Science in Renewable Energy and Sustainability Systems,15,8,15,0,0,
771,OK,NUEVA,MERE Full EN,ERE 503,Energy Efficiency Optimization,Master of Science in Renewable Energy and Sustainability Systems,3,3,0,0,0,
772,OK,NUEVA,MERE Full EN,ERE 502,Energy Storage,Master of Science in Renewable Energy and Sustainability Systems,15,9,13,2,0,
773,OK,NUEVA,MERE Full EN,ERE 501,Wind Energy Systems,Master of Science in Renewable Energy and Sustainability Systems,15,11,9,6,4,
774,OK,NUEVA,MERE Full EN,ERE 500,Photovoltaic Solar Energy Technologies,Master of Science in Renewable Energy and Sustainability Systems,15,13,15,0,0,
786,OK,NUEVA,MAIS Full EN,AIS 700,Capstone Project in Artificial Intelligence,Master of Science in Artificial Intelligence,58,8,55,0,0,
787,OK,NUEVA,MAIS Full EN,AIS 605,Development of Artificial Intelligence Applications,Master of Science in Artificial Intelligence,58,50,55,0,0,
788,OK,NUEVA,MAIS Full EN,AIS 604,Business Applications of Artificial Intelligence,Master of Science in Artificial Intelligence,58,45,55,0,0,
789,OK,NUEVA,MAIS Full EN,AIS 603,Ethics in Artificial Intelligence,Master of Science in Artificial Intelligence,58,36,53,2,0,
790,OK,NUEVA,MAIS Full EN,AIS 602,Reinforced Learning,Master of Science in Artificial Intelligence,58,38,55,0,0,
791,OK,NUEVA,MAIS Full EN,AIS 601,Advanced Signal Processing,Master of Science in Artificial Intelligence,58,29,55,0,0,
792,OK,NUEVA,MAIS Full EN,AIS 600,Intelligent Robotics,Master of Science in Artificial Intelligence,58,21,55,0,0,
793,OK,NUEVA,MAIS Full EN,AIS 504,Neural Networks and Deep Learning,Master of Science in Artificial Intelligence,58,23,55,0,0,
794,OK,NUEVA,MAIS Full EN,AIS 503,Computer Vision,Master of Science in Artificial Intelligence,58,12,55,0,0,
795,OK,NUEVA,MAIS Full EN,AIS 502,Natural Language Processing (NLP),Master of Science in Artificial Intelligence,58,28,38,17,0,
796,OK,NUEVA,MAIS Full EN,AIS 501,Machine Learning,Master of Science in Artificial Intelligence,58,41,20,35,30,
797,OK,NUEVA,MAIS Full EN,AIS 500,Human-AI Interaction,Master of Science in Artificial Intelligence,58,51,55,0,0,
801,OK,ya importaba,BAC Full ES,ARH 203,Latin American Art History,Bachelor of Arts in Accounting,138,107,135,0,0,
